80,112,137
76,114,137
72,117,136
71,118,134
74,106,129
82,108,135
77,109,134
73,111,132
65,111,127
67,113,129
71,112,130
69,101,124
68,105,124
80,106,133
79,106,133
74,109,131
72,110,131
68,109,127
69,110,128
73,108,127
75,107,128
78,108,132
77,107,133
74,105,133
70,107,126
80,107,134
78,108,134
73,110,129
74,111,130
75,110,129
78,106,127
80,108,132
76,108,133
75,109,136
62,99,118
76,112,134
78,110,135
79,109,135
76,110,135
74,110,132
69,105,129
76,111,133
75,109,134
74,106,127
69,105,127
66,103,122
71,102,122
73,109,131
69,100,121
75,111,133
66,101,123
68,103,125
72,103,124
74,102,126
79,111,136
72,104,127
70,102,123
73,101,123
75,103,127
71,109,128
67,99,120
71,99,121
71,109,130
71,107,131
77,112,134
72,108,132
80,116,138
78,113,133
74,112,133
76,113,132
71,112,134
71,105,130
77,115,138
72,112,137
74,106,131
73,113,138
77,113,135
78,114,136
78,113,135
79,111,134
81,116,138
80,116,140
77,113,137
79,115,139
78,114,138
79,113,138
78,116,139
80,116,142
77,115,136
76,117,139
79,116,142
76,110,137
70,106,132
74,110,134
78,115,141
78,114,140
72,108,134
73,110,137
69,106,132
80,118,141
76,116,141
77,113,139
73,109,135
76,113,140
65,102,128
81,118,136
75,116,136
74,115,137
82,118,142
72,106,133
74,110,136
73,109,133
79,118,135
76,117,135
73,108,130
78,119,137
77,118,138
74,108,133
83,116,135
78,116,135
78,119,139
83,118,138
77,118,140
78,116,137
77,111,136
83,117,142
79,115,137
80,112,135
85,115,139
81,115,142
81,117,143
81,113,136
74,108,135
86,116,142
79,113,140
82,118,144
82,114,139
80,114,141
78,113,141
78,110,133
80,114,139
82,116,143
75,107,130
79,115,141
80,115,143
83,117,144
85,117,142
76,108,131
74,108,136
75,109,137
83,113,137
77,109,132
76,106,130
76,107,136
77,108,137
79,117,136
81,117,139
79,117,138
80,110,136
76,107,138
82,119,137
79,116,135
79,110,138
79,114,134
83,119,141
82,120,143
86,121,141
82,117,137
85,120,142
82,118,140
82,117,139
79,109,133
83,118,140
85,121,143
78,109,130
82,110,134
79,107,129
80,111,132
85,119,144
84,118,143
82,116,141
84,120,144
84,120,142
85,121,145
90,125,147
87,122,144
86,122,146
80,115,137
84,119,141
88,124,148
90,126,152
83,121,144
85,121,147
83,119,145
85,119,146
86,118,143
86,118,141
90,121,142
74,112,135
87,117,141
88,119,140
78,112,137
88,119,139
78,112,139
75,111,137
87,118,138
87,119,140
88,119,137
77,111,139
89,121,142
92,120,141
92,122,146
90,120,144
88,118,142
90,122,145
86,121,143
86,122,144
91,126,148
85,120,140
87,122,142
91,124,143
89,122,141
92,124,145
93,125,146
93,125,148
91,123,148
78,113,143
77,112,144
76,113,142
76,113,139
81,118,145
74,111,138
77,112,140
78,118,143
75,112,138
78,112,140
81,115,140
81,113,138
81,111,135
82,115,134
83,114,142
80,110,138
84,111,138
82,114,135
82,113,141
79,108,138
79,111,132
82,113,142
82,111,143
85,117,140
81,112,143
79,109,143
77,111,138
80,110,144
82,112,146
80,113,146
78,115,134
79,112,143
76,112,136
80,118,139
80,114,142
75,113,134
28,50,64
27,49,63
27,49,62
26,48,61
25,47,60
29,51,65
27,46,60
26,45,59
25,44,58
30,49,63
30,52,66
31,50,65
32,51,66
26,48,62
25,47,61
32,54,68
31,53,67
32,55,69
31,54,68
30,53,67
31,50,64
32,55,71
34,57,71
28,47,61
33,56,70
33,54,71
29,52,66
32,53,70
32,53,72
33,54,73
31,54,70
30,53,69
33,56,72
31,52,69
30,51,68
30,49,64
29,48,63
28,47,62
27,46,61
26,45,60
29,50,67
34,57,73
28,49,66
35,58,74
36,59,75
35,58,76
36,59,77
33,52,67
37,60,78
35,61,78
34,60,77
33,59,76
36,62,79
37,63,80
34,57,75
38,64,81
39,65,82
29,52,68
38,66,80
39,67,81
39,66,83
38,65,82
39,66,85
35,61,76
34,60,75
33,59,74
40,66,83
40,67,86
38,65,84
32,58,73
40,67,84
41,68,85
37,64,81
36,63,80
36,62,77
37,63,78
41,68,87
42,69,86
39,65,80
38,64,79
35,56,73
34,55,72
31,53,66
30,52,65
43,70,89
42,69,88
37,65,79
36,64,78
28,50,63
44,71,90
43,70,87
29,51,64
35,63,77
114,151,169
115,152,171
116,151,171
115,150,170
116,148,169
115,147,168
115,146,167
28,51,65
114,149,171
116,148,171
114,148,173
113,149,173
111,149,170
113,149,171
112,148,170
45,72,91
32,54,67
31,57,72
44,71,88
40,68,82
29,53,65
28,52,64
27,51,63
46,73,92
36,62,75
34,60,73
33,59,72
32,58,71
35,61,74
47,74,93
30,54,66
33,55,68
31,57,70
45,72,89
33,61,73
46,73,90
32,60,72
48,75,94
109,143,168
106,141,163
108,144,168
107,143,169
105,145,170
47,74,91
41,69,83
106,143,169
104,144,170
107,145,168
107,142,170
106,143,170
107,143,167
109,144,166
47,76,94
106,144,167
107,143,165
106,147,169
104,145,167
107,145,166
103,145,167
105,147,169
103,144,164
104,142,163
48,77,95
104,146,168
107,149,171
105,146,166
106,147,167
106,144,165
103,141,162
109,145,167
106,142,164
42,70,84
111,146,168
108,144,166
110,146,168
104,146,170
43,71,85
36,64,76
35,63,75
30,56,69
28,50,61
27,49,60
26,48,59
33,55,66
101,147,170
103,148,169
37,63,76
48,75,92
32,54,65
48,76,97
49,77,98
34,62,74
50,78,99
49,78,96
29,51,62
51,79,100
38,64,77
44,72,86
33,57,69
32,56,68
31,55,67
30,52,63
26,50,60
28,52,62
27,51,61
37,65,77
34,56,67
52,80,101
49,76,95
35,58,72
50,77,96
50,79,97
34,58,70
29,53,63
30,54,64
53,81,102
38,66,78
31,55,65
53,81,103
39,67,79
52,80,102
51,78,97
32,56,66
35,59,71
40,68,80
54,82,104
34,61,72
33,60,71
32,59,70
55,83,105
33,57,67
52,81,99
51,80,98
31,58,69
45,73,87
51,79,101
46,74,88
35,62,73
31,53,64
56,84,106
50,77,98
49,76,97
51,78,99
57,85,107
52,79,98
39,65,78
36,63,74
53,80,99
36,60,72
46,72,87
45,71,86
44,70,85
40,66,81
41,67,82
43,69,84
42,68,83
49,74,94
48,73,93
34,58,68
37,59,70
44,66,77
35,57,68
35,59,69
48,74,91
53,80,101
52,79,100
49,75,92
47,73,90
47,73,88
48,74,89
49,75,90
53,84,105
54,82,103
46,72,89
48,71,87
47,70,86
46,69,85
45,68,84
44,67,83
43,66,82
42,65,81
41,64,80
36,59,73
29,52,60
28,51,59
27,50,58
32,55,63
26,49,57
33,56,64
50,76,93
40,63,79
39,62,78
37,60,74
47,69,80
36,58,69
41,63,74
45,67,78
38,60,71
49,72,90
48,71,89
39,62,76
38,61,75
54,81,102
47,70,88
38,61,77
25,47,58
50,73,91
51,74,92
44,67,85
43,66,84
42,65,83
41,64,82
37,60,76
30,50,61
34,54,65
53,76,94
52,75,93
54,77,95
51,77,94
40,63,81
31,51,62
36,56,67
35,55,66
29,49,60
33,53,64
55,82,103
35,57,71
34,56,70
33,55,69
34,56,69
40,63,77
36,58,71
35,57,70
50,73,89
49,72,88
41,62,79
40,61,78
39,60,77
38,59,76
37,58,75
36,57,74
36,58,72
28,48,59
54,81,100
51,76,96
51,72,89
52,73,90
50,71,88
49,70,87
48,69,86
47,68,85
46,67,84
45,66,83
44,65,82
43,64,81
42,63,80
40,62,76
39,61,75
38,60,74
37,59,73
32,52,63
56,83,104
39,59,70
38,58,69
45,65,76
56,78,92
43,65,79
42,64,78
55,82,101
57,84,105
50,76,91
51,74,90
50,69,86
34,53,67
33,52,66
32,51,65
51,70,87
56,83,102
52,78,95
52,71,88
49,68,85
53,72,89
55,81,98
54,80,97
53,79,96
51,78,95
52,75,91
51,74,88
50,73,87
45,66,85
44,65,84
41,63,77
35,54,68
36,55,69
30,48,60
31,49,61
32,50,62
29,47,59
34,52,64
35,53,65
57,84,103
52,79,96
37,56,70
57,82,102
56,81,101
49,72,86
43,64,83
41,60,74
55,80,100
40,59,73
49,68,82
57,83,100
56,82,99
41,64,78
27,47,58
28,46,58
53,74,91
54,75,92
59,80,97
55,76,93
56,77,94
63,84,101
37,59,72
58,84,101
33,51,63
27,45,57
53,76,92
36,54,66
59,85,102
41,59,71
42,65,79
45,68,82
47,70,84
44,67,81
43,66,80
58,81,99
57,80,98
56,79,97
55,78,96
54,73,87
29,48,62
37,55,67
42,61,75
26,44,56
40,58,70
38,60,73
45,67,80
52,71,85
42,64,77
38,57,71
57,80,96
56,79,95
53,74,93
52,74,88
51,73,87
33,51,65
32,50,64
29,49,58
28,48,57
29,47,57
34,52,62
31,49,63
58,81,97
34,52,66
53,75,89
58,79,96
68,89,106
44,62,74
54,77,93
54,75,94
44,66,80
49,71,85
46,68,82
45,67,81
47,69,83
48,70,84
35,53,67
37,55,69
28,46,60
30,48,62
50,72,86
59,82,98
58,80,94
39,61,74
40,62,75
59,82,100
28,46,56
32,50,60
30,48,58
33,51,61
31,49,59
35,53,63
36,54,64
37,55,65
60,83,101
57,79,93
60,82,96
55,77,91
61,84,102
27,45,55
61,84,100
62,85,101
63,86,102
63,86,104
62,85,103
55,76,95
44,63,77
64,87,103
59,81,95
65,88,104
64,87,105
39,58,72
64,86,100
54,76,90
52,73,92
63,89,106
62,88,105
61,87,104
60,86,103
56,77,96
65,88,106
63,85,99
57,78,97
58,76,88
24,42,54
70,88,100
55,73,85
25,43,55
63,89,104
62,88,103
61,87,102
60,86,101
59,85,100
58,84,99
57,83,98
51,72,91
50,71,90
58,79,98
49,70,89
48,69,88
57,78,95
67,88,105
56,84,98
55,78,94
64,90,105
57,85,99
56,82,97
65,91,106
57,84,101
55,81,96
46,69,83
60,83,99
66,92,107
65,91,108
64,90,107
59,86,103
58,85,102
56,83,100
48,71,85
53,76,90
54,77,91
52,75,89
55,78,92
61,88,107
60,87,106
59,86,105
58,85,104
55,82,99
54,80,95
53,79,94
52,78,93
26,46,57
51,77,92
63,90,109
64,89,109
63,88,108
62,89,108
62,87,107
46,68,81
54,81,98
43,69,82
42,68,81
40,66,79
37,57,68
41,67,80
44,66,79
66,96,122
65,95,121
64,94,120
63,93,119
67,97,123
62,94,119
62,92,116
68,98,124
55,84,102
54,83,101
54,79,99
69,99,125
61,91,115
70,100,126
71,101,127
60,90,114
72,102,128
64,92,114
65,91,114
62,92,118
63,91,113
70,102,127
61,92,113
72,104,129
70,101,129
60,92,117
60,92,115
63,91,112
73,103,129
72,103,131
64,91,110
73,103,127
71,103,128
69,101,126
61,91,117
59,88,106
58,87,105
57,86,104
56,85,103
53,78,98
52,77,97
76,102,125
75,103,125
59,87,108
60,88,109
61,89,110
62,90,111
60,91,112
59,90,111
59,90,110
74,104,128
58,89,109
58,89,110
73,105,130
73,104,132
71,105,132
72,102,126
66,98,123
65,97,122
64,96,121
63,95,120
63,93,117
59,91,112
57,85,106
56,84,105
55,83,104
60,92,113
67,99,124
71,103,126
70,102,125
67,97,125
64,94,118
60,90,116
62,90,112
68,98,126
66,96,124
59,89,115
58,86,107
46,69,87
45,68,86
65,99,124
66,97,125
65,99,126
66,97,126
64,98,125
64,98,126
59,89,113
41,61,72
65,96,124
64,95,123
63,95,118
61,89,111
45,71,88
44,70,87
63,95,116
64,95,116
66,94,118
43,69,86
63,94,122
62,90,114
61,89,113
68,100,125
42,68,85
60,88,110
59,87,109
41,67,84
50,75,95
39,62,80
69,103,128
68,102,127
67,101,126
66,100,125
70,104,129
75,107,132
66,98,121
65,97,120
64,96,119
60,88,112
69,100,128
68,99,127
67,98,126
62,94,117
61,93,116
58,86,108
47,72,92
63,91,115
48,75,96
71,102,130
68,102,129
67,101,128
58,88,112
57,88,109
56,87,108
46,71,91
45,70,90
66,100,127
57,87,111
49,74,96
48,73,95
72,106,131
55,86,107
54,85,106
52,83,104
38,61,79
61,93,118
70,104,131
69,103,130
53,84,104
52,83,103
57,88,108
59,91,114
58,90,113
47,74,95
46,73,94
54,85,105
51,82,102
84,120,146
86,122,148
73,107,132
57,89,112
56,87,107
55,86,106
51,82,103
50,81,102
50,81,101
49,80,100
43,68,88
42,67,87
87,123,147
154,182,193
152,182,193
151,181,192
150,180,191
148,180,193
147,179,192
146,178,191
145,177,190
144,176,189
143,175,188
142,176,188
141,175,187
150,179,193
149,178,192
148,177,191
147,176,190
142,174,187
83,119,143
140,173,188
139,172,187
155,183,194
151,180,194
153,181,193
152,180,192
149,179,190
148,178,189
141,174,189
138,171,186
84,121,147
83,120,146
82,119,145
81,118,144
80,117,143
75,111,135
73,107,134
69,103,131
47,75,96
46,74,95
45,72,93
44,71,92
87,121,146
86,120,145
88,122,147
147,177,188
92,123,144
91,123,146
88,123,145
93,124,145
89,121,144
88,120,143
90,122,143
87,119,142
151,179,191
146,175,189
81,116,144
56,88,109
55,87,108
54,86,107
53,85,106
49,80,101
155,183,195
153,183,194
140,174,186
56,88,111
46,75,93
45,74,92
149,181,192
148,180,191
156,184,195
154,182,194
153,181,192
156,183,194
155,182,193
156,183,192
154,181,192
157,184,193
158,182,192
157,181,193
157,184,195
145,174,188
144,173,187
141,173,186
82,119,146
82,117,145
82,116,144
141,173,188
140,172,187
56,86,110
79,119,144
59,91,116
152,182,192
151,181,191
76,112,138
44,73,91
55,85,109
150,180,190
152,180,191
151,179,190
143,175,190
142,174,189
86,123,149
90,126,150
89,125,149
94,130,156
94,130,154
93,129,153
92,128,152
91,127,151
103,139,163
102,138,162
101,137,161
100,136,162
99,135,161
98,134,160
97,133,159
96,132,158
95,131,157
105,141,165
104,140,164
106,142,166
114,149,169
111,147,169
100,136,160
118,153,173
117,152,172
121,156,176
120,155,175
119,154,174
123,158,178
122,157,177
124,159,179
125,160,179
124,159,178
64,98,123
120,157,176
119,156,175
119,154,173
115,151,173
114,150,172
113,148,168
112,147,167
99,135,159
93,128,156
94,129,157
93,129,151
87,123,149
127,160,179
123,158,177
114,151,170
58,88,114
57,87,113
56,86,112
48,79,99
54,84,108
53,83,107
47,78,98
111,146,166
105,143,166
55,85,111
149,179,189
144,173,189
118,153,172
105,141,163
103,139,161
76,111,139
148,178,188
104,140,162
93,129,155
70,106,130
75,106,134
69,107,130
43,72,90
75,105,133
69,107,128
73,104,133
74,103,133
146,176,187
54,84,110
58,90,115
45,74,90
44,73,89
43,72,88
53,83,109
143,172,186
52,82,106
62,89,116
63,90,119
52,82,108
145,175,186
150,178,189
51,81,105
150,178,190
149,177,189
142,171,185
52,84,109
54,81,108
53,80,107
52,79,106
55,82,109
53,85,110
144,174,185
55,83,107
54,82,106
53,81,105
141,170,184
52,80,104
143,173,184
149,177,188
148,176,187
58,85,112
57,84,111
56,83,110
59,86,113
147,175,186
63,97,122
140,169,183
54,80,103
53,79,102
139,168,182
137,169,182
51,81,107
50,80,106
50,81,109
136,168,181
81,117,141
51,83,108
146,174,185
142,172,183
52,82,110
135,167,182
134,166,181
55,81,104
138,167,181
135,167,180
57,89,114
58,86,110
57,85,109
56,84,108
51,79,103
50,78,102
50,78,100
49,77,99
134,166,179
133,165,178
48,76,98
49,77,101
145,173,184
45,73,94
42,71,89
137,166,180
141,171,182
144,172,183
47,75,97
56,88,113
59,87,111
51,77,102
50,76,101
49,75,98
50,76,99
24,46,59
140,170,181
143,171,182
82,114,137
75,110,132
44,72,93
27,50,64
46,74,96
27,45,59
25,43,57
26,44,58
84,114,138
83,115,138
48,74,97
23,45,58
24,42,56
84,115,136
85,116,137
83,115,140
87,115,137
88,116,138
86,114,136
85,113,135
83,114,135
47,73,96
25,45,56
24,44,55
23,43,54
87,115,136
88,116,137
86,114,135
89,117,138
86,117,138
87,118,139
48,76,100
82,113,134
81,112,133
46,72,95
80,110,134
22,42,53
24,43,57
79,114,136
21,41,52
45,71,94
23,42,56
22,40,52
43,70,91
44,70,93
23,41,53
21,39,51
20,38,50
43,68,90
40,65,85
19,37,49
42,67,89
18,36,48
20,40,51
17,35,47
39,64,84
73,105,128
41,68,89
40,67,88
21,43,54
20,42,53
21,39,49
20,38,48
17,35,45
19,37,47
18,36,46
20,39,46
72,107,129
41,66,86
38,63,83
57,79,100
58,80,101
56,78,99
56,81,103
57,82,104
58,83,105
55,77,98
55,80,102
54,76,97
53,75,96
59,84,106
58,83,103
60,85,107
59,84,104
61,86,108
62,87,109
59,81,102
69,95,118
68,94,117
67,93,116
66,92,115
67,91,115
68,92,116
66,90,114
67,92,114
70,96,119
66,91,113
69,93,117
65,90,112
64,89,111
71,97,122
70,96,121
71,97,120
68,93,115
72,98,123
65,89,113
64,88,112
63,88,110
73,99,124
74,100,125
72,98,121
75,101,126
52,74,95
76,102,127
73,99,122
74,100,123
75,101,124
60,85,105
49,76,93
69,94,116
61,86,106
64,90,113
55,77,100
68,95,116
69,96,117
67,94,115
66,93,114
53,78,100
53,77,101
54,79,101
70,97,118
56,78,101
57,77,101
65,92,111
67,89,113
42,60,74
41,59,73
43,61,75
39,57,69
42,60,72
38,56,68
46,64,78
43,61,73
47,65,79
45,63,77
39,57,71
44,62,76
43,62,76
40,58,72
50,68,82
48,66,78
49,67,81
57,75,89
50,68,80
37,53,66
47,65,77
38,54,67
45,64,78
36,52,65
40,56,69
51,69,83
39,55,68
48,67,81
46,65,79
41,57,70
47,66,80
45,63,75
46,64,76
46,62,75
42,58,71
34,50,63
35,51,64
38,56,70
49,67,79
51,69,81
34,51,61
38,55,65
36,53,63
48,66,80
37,54,64
35,52,62
45,61,74
43,59,72
33,50,60
53,71,83
49,65,78
44,60,73
33,49,62
39,56,66
32,49,59
47,63,76
56,72,85
57,73,86
50,69,83
32,48,61
30,46,59
56,74,86
60,78,90
48,64,77
51,70,84
50,67,77
40,57,67
44,61,71
49,66,76
41,58,68
45,62,72
31,48,58
42,59,69
55,72,82
46,63,73
47,64,74
29,46,56
43,60,70
30,47,57
59,78,92
54,72,86
56,74,88
53,71,85
52,70,82
55,73,87
63,81,95
28,45,55
53,72,86
54,72,84
64,82,94
58,77,91
57,75,87
44,64,75
43,63,74
42,62,73
48,65,75
62,80,92
27,44,54
46,66,77
51,67,80
54,71,81
56,75,89
47,67,78
48,68,79
49,69,80
40,60,71
54,70,83
52,69,79
65,84,98
58,74,87
62,81,95
55,71,84
51,68,78
50,70,81
53,69,82
47,69,82
64,84,95
53,73,84
52,68,81
53,70,80
65,83,95
59,75,88
57,76,90
67,86,100
61,79,91
48,70,83
34,48,59
32,46,57
30,44,55
33,47,58
31,45,56
43,57,68
41,55,66
43,65,78
29,43,54
39,53,64
40,54,65
51,73,86
49,71,84
45,59,70
52,74,87
58,80,93
44,58,69
59,81,94
50,72,85
59,76,86
60,77,87
28,42,53
38,52,63
35,49,60
46,60,71
36,50,61
37,51,62
42,56,67
27,41,52
50,66,79
34,48,57
41,55,64
35,49,58
26,40,49
33,47,56
26,43,51
43,60,68
36,50,59
30,44,53
27,44,52
42,59,67
31,45,54
42,56,65
28,42,51
32,46,55
26,43,53
38,52,61
29,43,52
33,50,58
30,47,55
43,57,66
31,48,56
35,52,60
37,51,60
55,74,88
64,83,97
28,45,53
32,49,57
29,46,54
68,87,101
34,51,59
77,104,125
76,103,124
75,102,123
74,101,122
39,53,62
48,62,71
78,105,126
75,99,123
44,57,66
51,64,73
74,98,122
74,99,121
41,54,63
76,101,123
75,100,122
73,98,120
69,91,105
59,77,89
56,73,83
79,106,127
72,97,119
45,59,68
46,60,69
62,79,89
77,102,124
56,78,91
50,64,73
71,98,119
40,54,63
44,58,67
69,97,118
27,41,50
80,107,128
71,96,118
54,76,89
60,76,89
73,95,116
74,95,116
73,95,118
78,105,124
77,104,123
76,103,122
75,102,121
76,101,121
75,100,120
52,72,83
51,71,82
57,77,88
60,80,91
70,95,117
54,74,85
47,61,70
58,78,89
79,104,126
77,102,122
74,99,119
73,98,118
71,89,101
66,82,95
58,75,85
78,103,125
66,84,96
57,74,84
60,79,93
69,87,99
65,85,96
55,75,86
38,55,63
37,54,62
65,87,101
80,105,127
78,103,123
72,97,117
71,96,116
70,95,115
69,94,114
68,93,113
66,88,102
69,86,96
25,39,48
81,106,128
67,85,97
75,89,98
63,81,93
61,78,88
67,92,112
64,81,91
66,83,93
63,85,98
75,93,105
65,82,92
80,107,126
79,106,125
81,106,126
80,105,125
79,104,124
69,85,98
61,77,90
36,53,61
80,99,113
39,56,64
40,57,65
49,63,72
71,87,100
41,58,66
76,93,103
80,97,107
55,77,90
71,90,104
67,84,94
74,91,101
64,80,93
74,92,104
76,94,106
63,80,90
30,47,54
29,46,53
70,87,97
28,45,52
32,49,56
40,57,64
34,51,58
43,60,67
31,48,55
38,55,62
42,59,66
33,50,57
53,70,77
26,43,50
47,64,72
35,52,59
37,54,61
52,71,86
51,70,85
50,69,84
49,68,83
61,80,94
75,92,102
51,65,74
68,85,95
73,90,100
52,66,75
77,91,100
71,88,98
59,76,84
72,94,108
53,72,87
54,73,88
72,89,99
55,69,78
55,74,89
66,91,111
46,65,80
56,75,90
48,66,76
49,67,77
52,70,80
51,69,79
87,104,114
58,72,81
57,76,91
80,98,110
81,98,108
60,79,94
48,67,82
59,78,93
50,68,78
53,71,81
57,71,80
54,72,82
47,66,81
55,73,83
62,76,85
68,86,98
61,81,92
77,94,104
70,92,113
69,91,112
57,75,85
43,61,71
59,77,87
47,65,75
68,90,111
64,82,92
69,87,97
78,95,105
78,96,106
53,67,76
56,74,84
61,79,89
81,103,124
82,104,125
80,102,123
79,101,122
78,100,121
77,99,120
77,100,118
78,101,119
72,99,120
71,93,114
70,93,111
69,92,110
45,63,73
88,105,115
32,47,54
33,48,55
41,56,63
30,45,52
46,61,68
72,94,115
36,51,58
34,49,56
31,46,53
35,50,57
28,43,50
48,63,70
76,99,117
54,68,77
64,78,87
66,80,89
39,54,61
43,58,65
49,64,71
73,91,103
58,76,86
46,64,74
38,53,60
53,68,75
62,80,90
65,83,93
105,122,132
37,52,59
63,77,86
56,70,79
29,44,51
44,62,72
75,98,116
60,78,88
67,81,92
53,67,78
51,65,76
50,64,75
58,72,83
59,73,84
47,61,72
49,63,74
45,60,67
26,41,48
63,81,91
48,62,73
52,66,77
55,69,80
56,70,81
59,73,82
67,81,90
61,75,84
76,98,119
65,79,90
57,71,82
70,84,95
76,90,101
78,92,103
82,96,107
65,79,88
54,68,79
63,77,88
62,76,87
68,82,93
72,86,97
60,74,83
60,74,85
64,78,89
82,105,123
81,104,122
74,96,117
72,95,113
71,94,112
56,76,87
59,79,90
66,80,91
44,61,69
49,66,74
51,68,76
45,62,70
58,77,92
50,67,75
53,70,78
79,93,102
68,91,109
61,75,86
54,71,79
66,83,91
82,99,109
74,88,99
48,65,73
74,88,97
83,100,110
69,83,94
73,87,98
84,98,109
46,63,71
83,97,108
73,96,114
57,74,82
64,81,89
58,75,83
72,90,102
74,91,99
56,73,81
79,93,104
78,96,108
84,101,111
102,119,129
52,69,77
82,100,112
129,146,156
83,99,112
63,79,92
71,85,96
78,99,118
74,97,115
67,90,108
52,70,84
59,77,91
61,79,93
83,97,106
61,74,83
92,105,114
89,103,112
113,127,138
47,62,69
40,55,62
78,99,116
63,82,96
58,76,90
72,86,95
69,83,92
52,65,74
53,66,75
98,111,120
54,67,76
44,59,66
73,92,106
55,68,77
64,77,86
71,85,94
57,70,79
90,104,115
68,82,91
77,91,102
85,99,110
91,105,114
79,102,120
66,84,98
87,101,112
60,78,92
81,95,106
79,96,106
73,87,96
80,94,103
76,90,99
91,105,116
74,87,96
65,78,87
75,89,100
80,94,105
56,69,78
65,83,97
59,72,81
60,73,82
82,101,115
71,89,103
70,84,93
88,102,113
95,109,120
64,82,96
78,92,101
115,129,138
62,79,87
72,88,101
97,111,120
84,98,107
61,78,86
82,98,111
86,100,109
81,95,104
85,99,108
82,96,105
55,72,80
66,89,107
96,110,119
74,93,107
107,121,130
105,119,128
62,80,94
92,109,119
88,102,111
85,102,112
94,108,117
67,85,99
93,107,116
68,89,108
67,88,107
97,115,127
92,110,122
88,106,118
55,72,79
76,93,100
45,62,69
52,69,76
48,65,72
51,68,75
75,92,100
57,72,79
55,70,77
60,77,84
59,76,83
47,64,71
49,66,73
67,85,95
73,91,101
56,71,78
59,74,81
51,66,73
50,65,72
54,69,76
86,104,118
78,96,110
76,94,104
66,84,94
70,88,98
60,75,82
52,67,74
69,90,109
90,108,120
73,88,95
68,86,100
100,118,130
87,102,109
65,80,87
95,109,118
90,104,113
72,90,104
89,106,116
92,106,115
102,116,125
63,78,85
73,96,112
72,95,111
71,94,110
90,107,117
74,89,96
66,81,88
93,110,120
74,97,113
62,77,84
87,101,110
75,96,113
74,95,112
73,94,111
72,93,110
71,92,111
72,93,112
70,91,110
89,106,114
63,80,88
96,109,117
52,65,73
65,78,86
56,69,77
81,94,102
87,100,108
59,72,80
55,68,76
72,85,93
62,75,83
66,85,99
91,108,118
82,99,107
70,83,91
66,79,87
54,67,75
76,89,97
79,92,100
60,73,81
67,80,88
51,64,72
60,77,85
57,70,78
58,71,79
50,63,71
49,62,70
53,66,74
64,77,85
68,85,93
69,86,94
73,86,94
65,81,94
93,106,114
82,95,103
62,78,91
68,84,97
67,84,92
65,82,90
47,60,68
48,61,69
70,87,95
90,103,111
75,88,96
61,74,82
79,97,111
86,103,113
68,81,89
69,90,107
71,88,96
72,89,97
78,91,99
83,101,113
95,108,116
80,93,101
44,57,65
75,93,107
87,105,119
83,101,115
70,86,99
78,95,103
83,96,104
91,108,116
93,110,118
92,109,117
73,90,98
93,107,118
57,73,88
60,76,91
65,81,96
60,74,87
56,70,83
77,94,102
74,87,95
76,97,114
73,94,113
58,74,89
55,71,86
67,83,96
59,73,86
53,67,80
56,72,87
63,79,94
61,77,92
59,75,90
62,78,93
63,77,90
62,76,89
64,80,95
53,69,84
54,68,81
95,112,122
84,97,105
63,76,84
77,98,115
70,91,108
71,92,109
73,89,102
105,119,130
70,85,92
71,84,92
85,98,106
69,82,90
94,108,119
58,73,80
69,84,91
79,94,101
86,99,107
89,103,114
67,82,89
77,90,98
46,59,67
74,90,103
72,87,94
89,102,110
78,94,107
87,103,116
64,79,86
91,106,113
100,113,121
105,118,126
84,100,113
94,107,115
92,105,113
79,95,108
62,75,84
81,94,103
63,76,85
56,69,75
55,68,74
77,90,99
96,109,118
70,83,92
104,117,126
91,104,110
70,83,89
107,120,128
99,112,120
75,91,104
108,122,131
111,125,134
133,146,154
89,102,108
74,87,93
69,82,88
99,112,118
58,71,77
67,80,86
53,66,72
83,96,102
66,79,85
47,60,66
59,72,78
92,106,117
63,76,82
65,78,84
50,63,69
68,81,87
61,74,80
78,91,97
54,67,73
72,85,91
71,84,90
106,119,127
98,111,119
88,101,109
86,100,111
85,98,104
75,88,94
76,89,95
77,90,96
102,115,123
45,58,66
91,104,112
73,86,92
67,77,86
56,66,75
64,74,83
54,64,73
68,78,87
70,80,89
63,74,80
90,101,107
68,79,85
80,91,97
60,71,77
66,77,83
67,78,84
59,70,76
58,69,75
65,76,82
81,99,111
86,104,116
69,79,88
145,155,164
77,87,96
92,103,109
69,80,86
77,88,94
85,96,102
61,72,78
118,131,139
70,86,101
54,70,85
67,80,89
69,82,91
75,88,97
90,103,109
64,77,83
72,85,94
79,100,117
73,89,104
76,89,98
50,63,72
67,83,98
71,84,93
87,100,109
88,101,110
80,93,102
97,110,118
73,86,95
58,71,80
66,82,97
102,116,127
68,81,90
66,79,88
78,91,100
131,144,152
123,136,144
57,70,76
86,99,105
49,62,71
118,132,141
80,93,99
48,61,70
96,109,115
117,130,136
97,111,122
93,106,115
102,115,124
96,112,125
100,114,125
101,114,122
101,114,123
45,58,67
95,111,124
61,75,88
67,81,94
99,113,126
103,117,128
113,126,134
98,111,117
88,101,107
86,99,108
71,85,98
72,86,99
66,80,93
108,122,133
106,120,129
104,117,125
109,122,130
108,121,129
62,75,81
55,69,82
104,118,127
98,112,121
103,117,126
99,112,121
60,73,79
79,92,101
97,110,119
110,123,132
83,96,105
68,82,95
103,116,124
79,92,98
69,83,96
81,91,100
57,67,76
99,109,118
66,76,85
83,93,102
61,71,80
79,89,98
80,90,99
59,69,78
85,95,104
74,88,101
78,92,105
75,85,94
71,81,90
76,86,95
95,105,114
60,70,79
62,73,79
64,75,81
55,66,72
97,110,116
60,72,84
100,114,123
87,97,106
63,73,82
56,67,73
81,92,98
79,90,96
87,98,104
73,84,90
76,91,98
78,89,95
102,113,119
74,84,93
75,86,92
86,97,103
90,103,112
78,88,97
72,82,91
58,68,77
83,94,100
70,81,87
76,87,91
71,82,86
84,95,99
106,117,121
79,90,94
111,120,125
76,85,90
61,76,83
75,90,97
116,129,137
66,75,80
80,89,94
46,59,65
57,68,74
97,108,114
51,62,68
76,87,93
93,104,110
72,83,89
96,107,111
93,104,108
94,105,109
64,75,79
137,146,151
114,123,128
111,124,132
82,93,99
78,87,92
85,94,101
65,75,84
71,82,88
92,105,111
99,113,122
84,95,101
96,107,113
107,118,124
89,100,104
78,89,93
62,73,77
119,128,133
90,99,104
69,78,83
87,96,103
127,138,142
70,81,85
85,96,100
74,85,91
110,121,127
52,63,69
89,100,106
53,64,70
91,102,108
49,62,68
85,98,107
75,86,90
101,112,116
73,84,88
88,99,105
48,59,65
98,109,115
54,65,71
100,113,119
52,65,71
82,95,104
87,98,102
67,78,82
63,74,78
86,96,105
101,112,118
94,105,111
45,56,62
94,107,116
84,97,106
81,94,100
69,80,84
58,69,73
93,103,112
104,114,123
113,124,130
60,71,75
82,92,101
84,94,103
109,122,128
100,111,117
110,123,131
97,108,112
61,72,76
83,94,98
66,77,81
111,121,130
122,135,141
73,83,92
112,122,131
74,85,89
82,93,97
131,142,148
62,72,81
91,101,110
112,125,133
109,120,126
104,115,121
126,137,143
116,126,135
119,129,138
119,130,136
81,92,96
114,125,131
73,82,87
70,79,84
96,106,115
94,104,113
101,111,120
98,109,113
119,130,134
94,103,108
56,65,70
120,131,137
102,112,121
100,110,119
111,122,128
70,79,86
72,83,87
101,110,115
59,68,73
49,59,68
107,117,126
90,99,106
105,115,124
110,119,124
109,118,123
64,73,78
68,77,82
65,75,85
80,90,100
66,76,86
77,87,97
85,95,105
73,83,93
75,85,95
70,80,90
71,81,91
72,82,92
111,121,131
81,91,101
94,104,114
97,107,117
79,89,99
115,126,132
140,151,157
136,147,153
103,114,120
89,99,109
59,69,79
68,78,88
96,106,116
67,77,87
62,72,82
132,143,149
108,119,125
68,77,84
86,95,102
99,110,116
98,107,114
83,92,99
95,106,112
93,102,109
77,86,93
71,80,87
94,103,110
78,88,98
88,98,108
87,97,107
103,113,123
76,86,96
86,96,106
82,92,102
106,116,125
69,79,89
121,132,138
60,69,76
93,106,112
66,75,82
81,90,97
65,74,81
93,103,113
74,84,94
64,73,80
74,83,90
84,93,100
63,72,79
73,82,89
120,130,139
90,100,109
92,102,111
88,98,107
72,81,88
78,87,94
88,97,104
80,89,96
59,68,75
100,109,116
56,65,72
89,99,108
62,71,78
97,106,113
69,78,85
108,118,127
76,85,92
89,98,105
98,108,117
117,128,134
84,97,103
82,91,98
102,109,115
88,95,103
79,88,97
78,87,96
90,99,108
75,84,93
82,91,100
99,108,117
111,120,129
71,80,89
89,98,107
83,92,101
67,76,85
81,90,99
69,78,87
93,102,111
77,86,95
81,90,95
83,92,97
53,62,67
88,97,102
104,113,118
84,93,98
113,122,127
79,88,93
74,83,88
71,80,85
75,84,89
101,110,117
79,88,95
95,102,108
77,84,92
70,79,88
68,77,86
97,106,115
88,97,106
98,107,116
80,89,98
74,83,92
58,67,74
127,138,144
67,76,81
93,102,107
72,81,86
63,72,77
116,125,130
130,139,144
65,74,79
107,116,121
76,85,94
91,100,109
65,74,83
96,105,114
63,72,81
59,68,77
66,75,84
84,93,102
62,71,80
115,124,131
113,122,129
91,100,107
82,91,96
89,98,103
98,107,112
96,105,112
99,108,115
95,108,114
86,95,104
87,96,105
64,73,82
107,116,125
106,115,124
114,123,130
106,115,122
104,117,123
108,121,127
85,94,99
58,67,72
61,70,77
67,76,83
75,84,91
117,126,133
104,113,122
96,105,110
87,96,101
125,136,142
92,101,106
95,104,111
106,117,123
92,101,108
108,117,124
158,167,174
105,114,121
72,81,90
116,127,133
103,112,119
105,116,122
65,76,80
62,71,76
111,124,130
95,104,109
123,134,140
73,82,91
155,166,172
130,141,147
127,135,138
82,89,95
70,77,83
57,68,72
90,101,105
77,88,92
118,127,134
121,130,137
95,103,106
91,98,104
89,96,102
88,98,100
110,121,125
57,66,73
85,92,98
104,113,120
116,125,132
102,111,118
118,129,135
62,69,75
69,76,82
131,140,145
126,135,142
91,102,106
114,124,126
114,124,133
50,59,66
109,118,125
133,144,150
106,116,118
77,86,91
103,113,122
111,120,127
122,131,136
61,70,75
74,84,86
68,78,80
119,128,135
112,121,128
112,123,129
129,140,146
106,115,120
100,109,114
99,108,113
86,95,100
91,100,105
118,127,132
57,66,71
77,87,89
103,112,117
107,116,123
112,121,126
128,137,142
77,84,90
76,83,89
72,80,83
74,82,85
71,79,82
121,129,132
108,116,119
76,84,87
73,83,85
79,89,91
89,102,111
72,79,85
86,93,99
79,87,90
70,78,81
90,98,101
126,134,137
62,72,74
117,127,129
48,59,63
105,114,119
78,85,91
89,97,100
96,104,107
119,127,130
73,81,84
57,65,68
89,99,101
127,136,141
55,64,71
110,119,126
97,106,111
126,135,140
60,69,74
65,72,78
84,92,95
124,132,135
88,96,99
69,77,80
64,72,75
54,63,68
71,81,83
76,86,88
99,106,112
81,88,94
75,82,88
80,87,93
121,130,135
123,132,139
133,142,147
129,138,143
120,129,134
97,105,108
92,103,107
82,92,94
59,69,71
72,80,82
109,119,121
107,114,120
106,113,119
112,119,125
97,104,110
104,111,117
143,152,159
139,148,153
50,59,64
80,91,95
129,137,140
115,124,129
65,75,77
66,76,78
60,70,72
94,102,104
104,114,116
113,118,124
100,107,113
114,121,127
93,100,106
138,147,154
127,134,140
91,101,103
93,103,105
107,115,118
64,72,74
71,79,81
88,93,99
71,78,84
79,86,92
74,81,87
101,108,114
96,103,109
83,90,96
98,105,111
134,144,146
118,126,128
70,78,80
80,88,90
92,100,103
66,73,81
76,81,87
80,85,91
78,83,89
94,99,105
87,94,100
152,161,168
156,165,172
83,93,95
56,66,68
75,85,87
81,91,93
90,100,102
86,96,98
80,90,92
84,94,96
95,105,107
116,126,128
67,75,78
68,75,81
88,95,101
94,104,106
67,77,79
63,71,73
69,77,79
90,98,100
113,121,124
116,123,129
134,143,148
108,117,122
78,88,90
70,80,82
99,109,111
92,102,104
118,128,130
64,71,77
64,74,76
63,73,75
72,82,84
85,90,96
94,99,103
108,113,117
66,74,77
83,91,94
130,137,145
123,130,136
91,99,102
87,95,98
96,106,108
123,133,135
133,143,145
105,113,116
93,101,104
103,110,116
115,125,127
81,89,91
112,123,127
102,113,117
122,130,133
90,97,103
118,125,131
88,99,103
77,82,86
124,129,133
134,139,142
81,86,89
101,108,116
132,139,147
97,107,109
101,111,113
86,94,96
101,109,111
68,73,77
125,130,134
120,130,132
74,82,84
105,115,117
86,97,101
94,102,105
88,93,96
77,82,85
75,80,84
74,79,83
119,124,128
79,84,88
112,117,121
99,107,110
111,119,122
84,91,97
108,118,120
87,97,99
129,139,141
78,86,88
107,112,115
75,80,83
91,96,99
104,112,115
100,110,112
100,108,111
80,88,91
109,114,118
66,73,79
100,111,115
92,97,101
117,125,128
103,111,114
102,110,113
131,141,143
89,94,97
120,125,128
84,89,92
87,92,95
97,105,107
86,94,97
106,114,117
99,104,108
68,79,83
75,83,86
146,151,154
146,150,151
103,108,111
86,91,94
131,142,146
113,123,125
109,117,120
107,117,119
121,131,133
111,121,123
85,95,97
144,150,150
117,121,122
85,90,93
74,79,82
112,120,123
127,136,143
73,80,86
135,146,150
78,86,89
114,122,125
126,133,139
63,70,76
153,162,169
92,99,105
100,105,111
85,93,96
81,89,92
77,85,88
94,99,102
88,92,93
80,86,86
83,88,91
112,122,124
120,127,133
98,108,110
61,69,72
53,64,68
102,111,116
130,138,141
166,175,182
77,82,88
82,90,93
101,109,112
83,89,89
90,94,95
75,81,81
115,123,126
62,70,73
117,128,132
56,67,71
143,152,157
147,156,161
148,157,164
92,97,103
106,111,115
123,131,134
76,81,85
74,78,81
97,101,102
108,113,116
102,112,114
116,124,127
139,147,150
122,129,135
61,71,73
63,71,74
141,151,153
136,145,150
142,151,156
152,161,166
84,89,95
127,132,138
102,107,111
125,133,136
131,136,139
95,101,101
96,101,104
88,96,98
124,134,136
135,143,146
156,164,167
129,136,142
68,76,79
109,116,122
90,95,99
83,86,91
129,134,137
110,115,118
90,95,98
75,83,85
98,103,107
149,157,160
67,75,77
176,183,189
131,139,142
94,101,107
85,90,94
71,74,79
109,117,119
110,118,120
87,95,97
120,128,131
125,132,138
130,140,142
136,144,147
106,114,116
76,84,86
72,77,80
164,169,172
97,102,105
170,177,183
127,137,139
111,118,124
137,145,148
52,62,64
82,87,91
84,89,93
74,77,82
76,79,84
81,86,90
118,123,127
97,102,106
84,87,92
105,110,113
73,81,83
77,85,87
62,70,72
67,72,75
136,143,149
125,135,137
133,141,144
143,151,153
100,105,109
86,91,95
88,91,96
114,117,122
98,106,109
125,134,139
101,106,110
85,89,92
116,121,124
100,108,110
68,76,78
76,81,84
144,149,152
73,78,82
114,122,124
137,142,146
146,151,155
99,103,106
119,123,126
88,93,97
72,77,81
91,96,100
145,150,154
105,110,114
96,101,105
83,88,92
98,102,105
86,90,93
88,89,93
116,120,123
115,123,125
116,124,126
80,85,88
94,100,100
161,167,167
150,155,158
82,87,90
89,94,98
69,74,78
95,100,103
147,152,156
73,78,81
96,104,106
110,118,121
111,116,120
149,154,158
127,132,136
82,86,87
109,114,117
69,79,81
139,147,149
79,87,89
104,112,114
148,156,158
127,135,137
160,168,171
95,103,105
132,140,143
140,150,152
85,93,95
92,100,102
105,112,118
157,167,169
145,155,157
126,134,136
146,154,156
128,138,140
137,147,149
57,67,69
103,113,115
104,110,110
90,96,96
151,157,157
59,67,69
51,60,65
121,128,134
120,128,130
111,119,121
89,97,99
103,111,113
82,90,92
79,84,87
83,91,93
65,73,75
84,92,94
146,155,160
119,127,129
99,107,109
130,138,140
112,120,122
123,131,133
67,74,80
91,99,101
154,165,171
132,141,146
143,151,154
78,83,87
92,97,100
145,150,153
118,123,126
126,131,134
121,126,130
134,142,145
148,156,159
132,140,142
85,91,91
106,112,112
125,130,133
71,76,79
154,162,165
144,153,158
170,175,179
99,104,107
121,126,129
142,147,150
100,105,108
151,156,159
107,112,116
142,150,153
105,113,115
105,109,110
125,129,130
150,156,156
110,116,116
105,111,111
146,152,152
65,73,76
103,108,112
160,165,169
98,103,106
104,109,112
70,75,78
148,153,156
169,174,177
107,115,117
135,143,145
133,141,143
92,96,97
121,123,122
137,141,140
103,107,106
139,143,144
115,119,120
101,106,109
153,158,161
112,117,120
134,139,143
143,148,152
95,100,104
122,127,130
128,133,136
123,128,131
140,145,149
80,85,89
93,101,103
169,177,180
129,137,139
86,92,92
86,90,89
101,103,102
99,103,102
76,80,79
98,102,103
122,126,127
95,99,100
86,90,91
110,120,122
87,92,96
177,182,185
145,151,151
97,103,103
84,90,90
106,111,114
158,163,167
117,122,125
140,146,146
75,79,78
105,107,106
107,111,112
94,98,99
111,115,116
93,97,98
141,149,152
151,159,162
93,98,101
168,173,176
88,94,94
98,104,104
104,109,113
115,121,121
92,98,98
85,89,90
121,125,126
96,100,101
75,79,80
110,114,115
81,85,86
102,106,107
115,120,123
140,145,148
114,119,122
127,131,134
151,155,156
93,97,100
99,105,105
133,139,139
126,132,132
136,141,145
113,118,121
113,119,119
135,140,143
110,115,119
69,74,77
78,83,86
102,108,108
138,143,146
146,154,157
126,136,138
124,129,132
165,170,173
100,104,107
110,114,117
148,152,153
167,172,175
93,99,99
112,118,118
128,134,134
116,122,122
123,129,129
126,131,135
156,162,162
152,157,160
121,129,131
76,80,83
91,95,96
87,91,92
89,93,94
84,88,91
143,147,150
172,176,179
123,127,128
80,84,85
153,157,158
150,154,155
101,105,106
89,93,96
79,83,86
118,124,124
77,83,83
102,107,110
111,116,119
133,138,141
162,168,168
117,123,123
150,157,163
91,95,98
124,128,129
58,66,68
141,146,150
154,159,163
65,70,73
64,69,72
113,117,120
90,94,97
134,138,139
120,124,125
128,132,133
100,104,105
120,124,127
83,87,90
118,122,125
108,114,114
82,88,88
89,95,95
113,120,126
94,98,101
125,129,132
66,74,76
108,116,118
122,130,132
159,164,168
116,121,125
123,124,126
122,123,125
96,100,103
137,141,142
114,118,119
83,87,88
68,72,73
171,175,178
139,143,146
81,85,88
162,166,169
114,120,120
96,102,102
131,137,137
74,80,80
145,154,159
145,152,158
114,119,123
132,136,139
113,114,116
175,180,183
137,142,145
104,108,109
99,103,104
135,139,140
119,123,124
116,120,121
78,82,83
122,126,129
104,108,111
88,92,95
95,99,102
98,102,101
71,76,80
109,113,114
124,132,134
60,68,71
140,148,151
106,110,109
121,125,124
88,92,91
133,138,142
102,106,109
99,101,100
119,121,118
114,116,113
126,128,127
74,78,79
113,121,123
126,130,131
118,122,123
145,149,150
147,155,158
93,97,96
115,119,118
143,147,146
95,99,98
90,94,93
96,100,99
130,135,139
87,91,94
130,132,129
137,138,133
135,135,133
173,175,172
113,117,116
79,83,84
147,152,155
151,159,161
131,135,134
97,99,96
115,117,116
124,128,127
77,81,82
160,170,172
182,186,185
107,111,110
123,127,126
119,124,127
72,76,79
100,102,101
121,121,119
93,95,94
130,132,131
127,132,135
111,117,117
119,121,120
126,130,129
111,115,114
127,131,130
159,163,162
158,162,163
143,145,144
115,117,114
81,83,82
154,159,162
156,160,161
95,97,96
135,137,136
104,108,107
100,104,103
122,128,128
63,68,71
106,110,111
160,162,161
116,117,119
76,80,81
112,116,117
179,184,187
84,88,89
141,146,149
150,152,151
92,94,93
98,100,99
162,167,170
158,163,166
152,156,157
108,112,113
144,148,149
80,84,83
111,113,112
176,178,177
87,93,93
130,134,135
140,144,145
143,148,151
89,93,92
109,111,110
141,143,142
103,107,108
136,140,141
160,165,168
60,65,68
125,131,131
127,133,133
131,135,136
122,126,125
74,78,77
94,96,95
138,140,139
165,169,170
79,85,85
149,153,154
94,98,97
108,110,109
130,135,138
195,200,203
72,76,77
155,159,160
159,163,164
188,193,196
163,167,168
161,166,169
217,223,223
135,141,141
178,184,184
100,106,106
225,231,231
69,75,75
180,186,186
78,84,84
114,118,117
97,101,100
192,194,191
82,82,80
91,91,89
192,192,190
136,140,139
184,188,189
167,171,172
70,74,75
185,189,190
110,114,113
194,202,205
178,182,181
188,192,191
125,127,124
84,86,83
80,82,79
141,141,139
213,215,212
204,206,205
172,176,177
178,182,183
170,174,175
160,164,165
196,200,201
157,161,162
174,179,182
185,193,196
150,158,161
92,94,91
155,157,154
186,190,189
173,177,176
102,106,105
158,162,161
117,119,118
219,221,218
90,92,91
83,85,84
207,209,208
120,122,121
148,150,149
166,168,167
113,115,114
77,79,78
86,88,87
196,198,197
88,90,89
122,124,123
138,142,143
156,161,164
166,174,177
191,191,189
144,144,142
111,113,110
126,128,125
109,113,112
101,105,104
165,169,168
159,161,158
203,205,202
108,110,107
77,79,76
76,78,77
206,208,207
112,114,113
158,160,159
104,106,105
159,161,160
173,175,174
143,147,148
173,181,183
101,107,107
91,100,99
97,97,95
101,101,99
194,196,195
185,187,186
152,154,153
129,131,130
167,169,168
76,78,75
83,85,80
112,114,109
112,114,111
190,192,191
190,194,195
109,113,116
140,144,143
127,131,132
177,181,182
68,74,74
95,104,103
152,161,160
142,151,150
61,71,70
180,181,183
132,134,133
124,126,125
134,136,135
157,159,158
114,116,115
175,177,176
145,147,146
96,98,97
89,91,90
161,163,162
128,130,129
90,92,89
143,145,140
130,133,126
156,158,153
162,164,161
206,210,211
166,171,174
125,129,128
175,179,180
103,105,104
68,72,71
82,86,85
146,152,150
80,86,84
99,108,107
139,148,147
66,76,75
56,66,65
132,142,141
144,146,145
147,149,148
80,82,81
203,205,204
91,93,90
131,133,128
126,128,123
164,166,163
102,104,103
61,66,69
173,178,182
193,198,201
134,138,137
180,184,185
135,139,138
109,115,115
85,95,94
84,94,93
82,92,91
153,163,162
170,172,171
179,181,180
82,84,83
200,202,201
182,184,183
78,80,79
84,86,85
202,204,203
140,142,141
96,98,95
122,124,119
151,153,148
129,131,128
87,89,86
168,173,177
141,145,146
79,83,82
117,121,120
84,88,87
108,112,111
187,191,190
176,184,186
111,121,120
99,109,108
163,173,172
90,100,99
138,140,137
157,159,156
100,102,99
146,148,145
120,122,119
165,167,166
110,112,111
85,87,86
188,190,189
106,108,107
186,188,187
91,93,92
136,138,137
208,210,209
85,87,84
174,176,171
195,199,200
182,187,190
152,158,158
173,181,184
80,90,91
81,91,92
174,182,184
60,68,70
93,95,92
137,139,136
167,169,166
89,91,88
99,101,98
109,111,108
153,155,154
172,174,173
137,139,138
107,109,108
154,156,155
118,120,115
98,100,97
170,175,178
202,207,210
124,130,130
161,165,166
141,151,152
150,160,161
197,199,196
153,155,152
113,115,112
149,151,148
154,158,157
202,206,207
179,183,184
132,136,137
113,117,118
139,141,138
116,118,117
178,183,186
172,178,176
98,104,102
78,84,82
165,171,171
182,188,188
81,87,87
161,166,170
136,144,146
137,145,147
226,228,225
190,192,189
172,174,171
102,104,101
117,119,116
105,107,104
155,159,158
133,137,138
199,203,204
156,158,157
104,106,103
184,186,185
79,81,80
190,195,198
132,137,140
153,159,157
75,81,79
213,219,217
216,222,222
203,211,214
153,161,164
161,168,174
125,133,135
187,189,186
156,158,155
128,130,127
218,220,217
154,158,159
208,212,213
164,168,169
178,180,179
155,161,161
107,113,113
192,196,197
90,96,94
120,126,124
88,94,92
158,164,162
206,212,212
71,77,77
145,153,156
211,219,222
165,173,176
58,66,69
166,168,165
107,109,106
154,156,153
136,138,135
193,195,192
87,91,90
174,178,179
215,219,220
66,70,71
198,202,203
147,153,153
76,82,82
121,127,127
183,187,188
185,191,189
77,83,81
74,80,78
128,134,132
177,185,188
195,203,206
183,191,194
53,61,64
171,173,170
189,191,188
201,203,200
118,120,117
171,175,176
212,216,217
189,193,194
98,99,101
171,172,174
162,166,167
137,143,143
91,97,97
160,164,163
66,70,69
218,228,230
164,170,170
72,78,78
154,162,164
183,185,182
132,134,131
127,129,126
161,163,160
160,162,159
205,209,210
87,89,88
205,206,208
151,152,154
61,65,64
172,182,184
197,207,209
48,56,59
63,68,72
142,148,148
172,180,182
134,142,144
142,153,157
172,174,169
105,107,102
144,146,143
181,183,180
195,197,194
182,186,187
90,91,93
184,185,187
215,216,218
82,83,85
130,136,136
69,73,74
172,177,180
173,183,185
207,215,217
109,114,120
87,92,98
163,168,171
67,73,73
136,147,151
53,63,72
159,161,156
96,98,93
140,142,139
163,165,162
191,193,190
119,120,122
200,201,203
104,105,107
74,75,77
65,69,70
129,135,135
141,147,147
119,125,125
189,199,201
212,220,222
234,242,244
110,115,121
153,161,163
169,178,183
180,182,177
148,151,144
141,143,138
90,92,87
227,229,224
136,138,133
202,204,201
97,99,98
142,144,143
128,129,131
107,108,110
204,205,207
111,112,114
134,140,140
169,175,175
141,142,144
99,100,102
95,96,98
129,135,133
173,179,177
71,77,75
143,149,147
94,100,98
147,151,154
188,197,202
176,186,188
191,199,201
164,172,174
59,68,67
180,185,191
102,106,115
65,70,74
59,64,67
171,180,185
165,176,182
191,202,206
117,119,114
98,100,95
110,112,107
211,213,208
122,124,121
132,133,135
133,134,136
139,145,145
148,154,154
136,142,142
93,94,96
170,171,173
165,171,169
113,119,117
69,78,77
159,167,169
184,191,197
199,201,198
94,96,93
152,154,151
144,148,147
181,185,186
208,212,215
96,97,101
214,216,215
171,173,172
192,200,202
157,165,168
114,114,112
186,188,185
187,189,188
168,172,173
167,172,176
189,197,200
152,160,163
66,72,72
61,67,67
202,210,212
139,148,155
52,61,66
104,104,102
117,117,115
205,207,204
73,76,81
80,84,87
134,134,132
125,127,126
175,181,181
213,221,224
206,207,202
95,97,94
129,134,138
70,80,81
73,83,84
140,147,153
135,142,148
68,73,76
138,147,152
49,60,66
151,160,165
102,102,100
155,155,153
174,176,173
110,112,109
200,202,199
211,213,210
191,195,196
111,115,118
173,177,180
74,76,75
65,69,68
214,219,222
199,201,200
88,98,99
62,72,73
184,192,195
146,153,159
181,186,190
176,181,184
59,70,74
124,133,138
55,64,69
123,123,121
189,189,187
133,135,132
188,190,187
209,211,208
185,189,188
150,154,157
182,183,185
155,157,156
72,74,73
166,170,171
183,188,191
136,141,144
76,86,87
209,217,220
67,72,76
189,195,195
185,194,199
175,184,189
147,158,162
160,169,174
98,98,96
145,145,143
184,184,182
106,106,104
188,188,186
160,160,158
219,219,217
109,109,107
143,145,142
124,126,123
131,133,132
123,125,124
186,187,189
71,72,76
214,215,219
173,177,178
147,151,152
118,126,129
205,213,216
66,71,75
139,144,147
167,173,173
175,182,188
54,61,67
165,175,177
168,178,180
181,192,198
162,162,160
118,118,116
173,173,171
93,93,91
140,140,138
171,171,169
186,186,184
107,107,105
151,153,150
106,108,105
163,165,164
190,191,193
80,81,83
122,123,127
182,183,187
171,177,177
56,64,67
164,172,175
174,182,185
70,75,79
194,199,202
60,67,73
50,60,62
199,209,211
44,55,59
152,163,169
50,61,67
177,179,176
101,103,100
108,108,106
113,113,111
90,90,88
186,187,182
168,169,164
176,177,179
92,93,95
130,131,133
169,170,172
114,118,121
186,190,191
103,107,110
78,82,85
187,195,198
55,63,66
145,153,155
160,168,170
71,76,82
63,73,74
74,84,85
111,121,122
176,178,175
94,94,92
159,159,157
182,182,180
83,83,81
95,95,93
221,222,217
112,113,108
191,193,192
91,92,94
87,88,90
150,151,153
208,213,216
188,192,193
134,138,141
173,179,179
150,158,160
63,68,74
190,197,203
61,69,71
106,116,117
121,131,132
159,170,176
104,115,119
158,160,157
235,237,234
96,96,96
136,136,136
164,164,164
92,92,92
89,89,87
203,203,201
168,170,167
131,133,130
199,204,207
185,190,193
138,144,144
158,166,168
118,123,129
125,130,136
81,86,92
66,71,77
117,125,127
117,127,128
109,119,120
105,105,105
210,210,210
149,149,149
85,85,85
168,168,166
218,218,216
79,81,78
83,85,82
164,166,165
149,154,157
67,71,72
181,189,192
156,164,166
121,126,132
86,91,97
108,113,119
68,73,79
61,68,74
138,146,149
91,101,102
116,127,131
183,185,184
162,164,163
163,164,166
179,180,182
88,89,91
85,86,88
222,224,223
119,123,122
176,180,181
129,133,134
142,146,147
180,184,187
142,147,151
179,184,188
184,189,192
165,173,175
208,213,217
128,136,138
161,169,172
133,140,146
51,61,63
187,197,199
227,229,228
97,98,100
156,157,159
225,227,226
127,129,128
191,195,194
171,175,174
169,173,174
137,141,144
170,178,180
172,177,181
155,160,164
57,64,70
168,175,181
188,198,200
141,154,160
232,236,239
221,225,226
175,179,178
160,166,164
77,81,84
128,132,135
147,157,159
96,105,104
64,73,72
148,157,162
149,158,163
190,201,205
189,191,190
165,166,168
141,145,148
97,101,104
178,182,185
167,171,174
156,160,159
188,194,192
102,108,106
75,77,76
163,173,175
93,102,101
90,99,98
154,163,168
164,173,178
167,178,182
178,187,192
147,148,150
86,89,94
210,214,217
70,76,76
102,110,112
147,147,145
180,185,188
165,170,174
151,155,158
82,86,89
156,166,168
139,150,152
83,92,91
116,125,124
167,175,177
194,203,208
168,179,185
52,62,71
191,200,205
52,60,63
59,67,70
192,194,193
139,140,142
93,96,101
169,173,176
183,189,189
148,152,151
120,124,123
157,161,160
98,106,108
64,74,75
193,201,204
174,183,188
148,158,160
187,196,201
55,66,70
124,135,139
168,177,182
48,57,62
105,109,108
193,197,196
147,151,150
79,80,84
94,95,99
95,96,100
93,94,98
145,149,148
85,89,88
168,176,179
202,213,219
182,193,197
85,96,98
59,70,72
57,68,70
151,162,164
63,74,76
123,132,137
167,174,180
62,67,70
231,235,234
109,110,112
97,98,102
111,112,116
108,109,113
200,204,203
204,208,209
103,109,109
196,202,202
189,200,206
95,106,108
70,81,83
74,85,87
71,82,84
98,109,111
61,72,74
209,214,217
174,176,175
151,153,152
209,211,210
102,103,107
176,177,181
174,175,179
98,99,103
214,218,217
177,183,183
154,160,160
190,196,196
158,166,169
159,164,167
156,165,170
164,175,179
178,189,195
206,214,217
47,56,61
78,82,81
210,211,213
132,133,137
124,125,129
101,102,104
205,209,208
198,203,206
188,194,194
158,164,164
132,138,138
73,79,79
157,163,163
111,122,126
203,214,218
50,61,65
132,142,144
144,152,155
190,199,204
54,62,65
135,144,149
146,148,147
202,203,205
195,196,200
86,87,91
100,101,103
103,104,106
224,228,227
123,127,130
204,209,212
166,172,172
181,190,195
153,160,166
186,193,199
42,55,63
155,156,158
198,202,201
212,216,215
130,134,137
179,185,185
186,192,192
155,163,166
183,190,196
155,162,168
193,202,207
150,159,164
150,150,148
164,164,162
81,83,80
169,171,170
127,128,130
117,118,120
89,90,92
83,87,86
81,85,84
209,213,216
213,218,221
191,196,199
161,170,175
146,153,161
74,81,89
102,109,117
75,82,90
59,66,74
182,191,198
113,118,122
158,167,172
170,178,181
181,181,179
208,210,207
211,213,212
94,95,97
192,193,195
115,116,118
207,211,214
177,181,184
203,208,211
155,160,163
81,88,96
103,110,118
71,78,86
55,62,70
80,87,95
53,63,65
175,175,173
151,151,149
142,142,140
81,81,79
149,149,147
122,122,120
112,112,112
97,97,97
120,120,120
156,156,156
144,145,147
86,87,89
75,76,78
174,175,177
179,183,182
149,153,152
182,190,193
128,136,139
65,72,80
113,120,128
56,63,71
67,74,82
72,79,87
132,141,148
164,175,181
128,128,126
88,88,86
138,138,136
110,110,108
84,84,84
138,138,138
121,121,121
151,155,154
146,150,149
221,226,229
211,216,219
180,188,191
69,76,84
73,80,88
153,160,168
95,102,110
123,130,138
183,194,200
47,58,64
124,135,141
117,130,138
131,132,127
83,84,79
84,85,80
111,112,107
146,146,146
93,93,93
102,100,103
125,125,127
96,97,99
137,138,140
181,183,182
129,133,132
113,116,121
109,112,117
244,249,252
162,171,176
189,198,203
51,58,64
195,202,208
155,164,169
147,158,164
169,186,194
114,115,110
92,93,88
151,152,147
132,132,130
115,115,113
122,122,122
103,103,103
108,106,109
181,181,183
118,122,121
121,125,128
79,82,87
105,108,113
210,215,218
200,208,211
179,186,192
169,183,192
116,117,112
154,155,150
163,164,159
145,144,140
160,159,157
104,102,103
92,90,91
151,149,152
189,187,190
171,171,171
115,119,122
104,107,112
97,100,105
196,204,207
167,176,181
182,193,199
180,189,194
55,65,67
136,146,148
169,179,181
58,68,70
140,141,136
146,147,142
161,162,157
170,171,166
138,137,133
99,98,94
104,103,101
156,154,155
126,124,127
117,117,119
164,168,167
183,186,191
96,99,104
93,98,102
188,196,199
206,217,221
151,162,168
186,195,200
142,152,154
49,58,63
145,146,141
105,106,101
112,113,107
160,161,155
122,121,117
105,104,102
142,140,141
173,171,172
124,122,125
95,93,96
99,99,99
203,206,211
184,189,193
159,167,170
188,199,205
166,177,183
127,138,140
126,137,139
90,101,103
86,97,99
182,192,194
96,97,92
139,140,135
121,122,117
142,143,138
112,112,110
134,134,134
175,175,175
86,86,88
99,99,101
120,121,123
107,111,114
194,197,202
98,103,109
95,100,106
151,156,160
165,176,178
99,110,112
80,91,93
143,154,158
186,191,195
165,176,180
78,93,100
100,116,129
103,119,132
97,113,126
102,118,131
94,110,123
98,114,127
93,109,122
100,117,127
169,171,168
86,86,86
109,109,111
87,87,89
166,170,173
121,122,124
118,119,121
129,130,132
161,165,168
161,170,177
159,169,171
55,65,74
59,66,72
166,173,179
47,56,63
180,191,197
184,193,198
176,187,193
104,120,133
101,117,130
99,115,128
106,120,131
110,124,135
133,135,134
126,127,129
79,80,82
161,162,164
185,186,188
191,192,194
132,139,145
184,195,201
50,60,69
98,115,125
104,118,129
203,204,206
136,137,139
112,113,115
70,71,73
68,72,75
202,207,211
66,71,74
122,127,131
173,182,187
115,128,137
109,122,131
105,121,134
113,129,142
99,116,126
101,115,126
112,125,134
88,90,87
139,141,140
196,197,199
72,73,75
167,168,170
145,146,148
73,74,76
92,96,99
187,192,195
128,133,137
186,194,197
173,178,181
47,57,66
107,120,126
58,65,71
98,116,130
96,113,123
101,118,128
117,127,136
178,179,181
114,115,117
73,77,80
186,190,193
198,202,205
217,222,226
123,128,132
163,171,174
163,172,179
175,186,192
49,60,64
96,114,128
106,122,135
106,119,128
138,139,141
155,159,162
200,204,207
67,68,70
71,75,76
197,201,204
196,201,205
148,153,157
180,185,189
135,140,144
159,168,175
52,63,67
97,115,129
103,120,130
101,115,124
105,118,127
114,127,135
115,125,134
71,75,78
183,187,190
223,227,230
230,235,238
58,63,66
171,179,182
172,179,185
134,143,150
140,151,155
149,160,166
119,126,132
138,149,153
159,170,174
151,160,167
99,117,131
92,108,121
112,128,141
107,124,134
108,121,130
115,128,136
109,119,128
118,128,137
117,126,131
201,203,202
75,79,82
226,230,233
192,200,203
109,120,124
120,133,139
105,116,120
146,157,163
94,113,128
95,114,129
101,119,133
100,118,132
95,113,127
93,111,125
113,126,135
128,137,146
126,133,141
217,222,225
115,120,124
152,159,165
133,142,149
71,85,88
49,63,66
72,86,89
143,154,160
51,61,70
96,115,130
94,112,126
111,124,133
113,123,132
135,136,138
140,141,143
197,202,205
138,143,147
169,176,182
155,164,171
54,63,70
58,72,75
53,67,70
62,76,79
169,180,186
100,113,122
103,116,125
117,124,132
138,145,151
137,144,150
168,169,171
152,153,155
84,85,87
83,84,86
136,140,143
108,112,115
163,168,172
198,207,212
56,65,74
167,176,183
128,139,145
162,175,183
110,120,129
125,135,144
208,209,211
168,170,169
105,106,108
145,149,152
140,149,154
131,138,144
165,174,181
162,173,179
143,156,164
97,116,131
121,134,143
134,144,153
125,134,143
119,126,134
177,178,180
154,155,157
175,180,184
131,136,140
156,160,163
66,70,73
220,225,228
51,64,70
159,172,178
122,133,139
160,171,177
92,113,130
97,114,124
94,111,121
124,134,143
78,79,81
158,159,161
180,182,181
157,158,160
176,181,185
223,228,231
225,230,233
190,195,199
157,166,173
64,74,84
161,174,180
149,162,170
175,184,191
144,155,161
93,112,127
91,109,123
109,123,132
118,125,133
124,131,137
142,149,155
131,132,134
104,104,104
111,111,111
207,212,216
124,133,140
130,137,143
52,61,68
163,174,178
154,167,173
60,75,80
111,125,136
110,117,123
136,145,152
94,113,127
90,108,122
89,107,121
110,124,133
89,90,94
160,161,163
159,160,162
105,109,112
59,64,68
163,167,170
167,178,184
122,131,138
136,146,155
123,134,138
103,114,118
198,211,217
53,68,73
156,167,173
156,169,177
99,117,129
95,113,125
94,112,124
96,114,126
93,111,123
98,112,123
114,127,136
107,120,129
131,140,147
83,83,85
111,110,115
106,105,110
129,130,134
100,101,106
146,150,153
148,155,161
181,188,194
155,168,176
157,170,178
105,118,124
203,218,225
64,79,84
54,65,69
46,56,65
166,179,187
168,181,189
98,116,128
89,107,119
91,107,120
129,138,145
80,80,82
93,92,97
117,116,121
160,161,166
82,83,88
85,88,93
201,205,208
193,202,209
164,171,177
103,116,122
162,177,184
85,100,107
138,151,157
196,205,210
169,182,190
46,59,68
91,112,129
92,111,126
92,110,124
109,126,136
115,124,133
125,134,141
130,139,146
96,96,98
167,168,172
142,143,147
81,82,86
131,135,138
138,142,145
165,169,172
211,220,227
151,158,164
143,150,156
134,141,147
164,173,180
160,173,181
164,177,185
188,199,203
172,183,187
139,149,158
172,182,191
129,139,148
164,174,183
128,138,147
43,53,62
167,180,188
90,111,128
101,119,131
110,126,139
117,134,144
142,142,144
117,118,122
191,192,196
105,106,110
112,113,117
181,185,188
149,153,156
70,74,77
201,210,217
160,169,176
167,177,186
47,58,62
148,159,165
208,218,227
108,124,137
107,121,132
122,132,141
133,143,152
162,163,167
135,136,140
90,91,95
118,119,123
92,93,97
115,122,128
71,86,93
138,149,155
154,163,170
176,185,192
93,114,131
91,110,125
114,128,139
120,133,142
141,142,146
85,86,90
133,134,138
83,84,88
67,71,74
178,183,187
197,202,206
58,63,67
165,174,179
161,171,180
148,163,170
153,164,170
187,198,204
145,154,161
139,150,156
116,129,138
77,78,82
146,147,151
126,130,133
152,157,161
130,140,149
185,194,201
153,162,167
119,128,137
147,157,166
97,107,116
89,110,127
115,132,142
118,131,140
121,131,140
99,100,104
152,153,157
91,92,96
82,83,87
127,128,132
152,156,159
144,148,151
144,149,153
159,168,173
128,135,141
147,154,160
140,149,158
152,162,171
154,164,173
104,121,131
123,133,142
116,117,121
84,85,89
73,74,78
160,164,167
154,158,161
108,111,116
157,166,171
103,112,121
101,105,108
138,139,143
145,146,150
170,174,177
142,146,149
117,124,130
105,114,123
60,69,78
131,144,150
94,116,130
89,111,125
91,108,124
97,114,130
98,115,131
93,110,126
94,111,127
92,109,125
134,137,142
101,104,109
82,85,90
91,94,99
64,69,73
170,179,186
135,148,157
138,151,159
137,148,154
91,113,127
90,112,126
90,107,123
61,66,70
64,68,71
149,158,165
170,180,189
178,191,199
120,133,141
131,144,153
90,105,112
44,55,61
179,190,196
92,114,128
95,112,128
99,104,110
72,77,83
144,151,157
176,189,197
190,203,211
171,181,190
177,190,198
141,154,162
100,117,133
74,79,85
132,137,143
131,135,144
90,94,103
153,158,162
160,167,173
177,184,190
165,178,186
145,162,170
149,164,171
180,193,201
96,113,129
90,97,105
87,94,104
89,96,104
171,178,184
134,147,153
144,157,165
80,95,102
114,129,136
90,106,119
71,72,74
117,122,128
140,144,147
154,161,167
128,137,144
87,100,106
173,186,192
171,180,187
48,61,67
92,111,128
90,109,124
91,109,121
90,108,118
94,112,122
98,101,106
75,78,83
124,127,132
121,124,129
80,83,88
128,133,139
64,69,75
159,166,172
134,145,151
179,190,194
153,164,168
128,141,149
142,155,163
92,103,105
152,167,174
89,108,123
95,113,123
97,115,125
152,155,160
72,75,80
67,70,75
185,188,193
83,88,94
79,84,90
130,141,145
125,136,140
88,99,101
146,157,159
99,110,114
157,168,172
130,144,153
47,60,69
157,164,170
108,118,119
110,121,123
57,71,74
156,169,175
88,107,122
100,118,128
101,119,129
99,113,124
140,143,148
131,134,139
117,122,126
69,74,80
75,80,86
65,70,76
106,111,117
149,160,164
51,62,66
122,133,137
161,172,176
58,68,78
110,119,128
68,75,83
152,160,162
93,103,104
43,54,60
102,120,130
99,102,107
81,84,89
118,121,126
117,120,125
64,67,72
102,107,113
143,148,154
156,161,167
108,119,123
95,106,110
117,126,135
56,63,69
152,162,163
94,104,105
112,126,137
109,121,133
103,115,127
91,104,113
135,139,142
205,210,214
191,198,204
164,167,172
94,97,102
77,80,85
151,156,162
162,175,181
139,152,158
145,156,162
162,172,181
146,156,158
55,66,68
60,74,77
101,113,125
97,109,121
133,137,140
69,73,76
102,105,110
92,95,100
68,71,76
196,199,204
156,161,165
116,121,127
145,150,156
108,115,121
189,202,210
116,129,135
145,160,167
53,64,66
55,69,72
179,192,200
90,111,130
89,110,129
96,110,121
73,78,84
99,106,114
70,73,78
123,128,134
89,94,100
96,101,107
197,206,213
202,212,221
172,185,193
129,142,150
157,168,174
141,151,160
134,149,156
122,132,142
52,63,65
161,175,184
97,104,112
69,72,77
67,72,78
132,145,153
65,80,85
66,77,79
138,152,161
91,112,131
104,109,115
91,96,102
103,107,116
80,84,93
87,91,100
83,87,96
69,72,79
70,75,81
70,77,85
149,162,171
126,136,145
48,58,67
168,181,187
121,132,136
97,111,114
81,98,106
139,153,162
170,175,181
141,146,152
129,134,140
72,76,85
156,160,169
183,188,192
169,174,178
139,144,150
150,155,161
104,111,119
79,86,94
142,155,164
74,88,91
87,106,121
94,110,125
96,112,127
95,111,126
90,95,101
82,87,93
101,106,112
89,93,102
79,83,92
160,165,171
116,123,131
117,130,139
127,137,146
104,114,124
137,147,157
132,145,151
150,163,169
62,74,86
66,78,90
88,109,126
92,108,123
159,164,170
168,173,179
93,100,108
84,91,99
64,71,79
157,167,176
155,168,177
141,152,158
60,70,80
63,73,83
54,64,74
50,60,70
190,201,207
98,112,115
115,128,134
114,127,133
127,140,148
52,64,76
165,179,190
110,127,137
89,110,131
88,109,128
93,109,124
99,115,130
115,120,126
133,138,144
136,141,147
171,176,182
107,114,122
91,98,106
62,69,77
149,159,168
61,71,81
162,172,182
138,148,158
50,64,67
166,179,185
167,179,191
100,116,131
149,154,160
87,94,102
78,85,93
109,116,124
169,179,188
174,184,193
151,161,170
52,62,72
107,117,127
106,116,126
102,112,122
57,67,77
127,140,149
165,178,184
58,70,82
53,65,77
101,114,130
102,115,131
100,113,129
97,110,126
165,170,176
173,178,184
116,119,124
87,90,95
161,168,176
96,103,111
61,68,76
53,63,73
63,77,80
134,148,157
59,74,79
56,68,80
51,63,75
89,105,118
88,104,117
120,123,128
171,178,186
86,93,101
101,111,121
68,80,92
87,108,125
82,89,97
63,70,78
137,144,152
148,162,171
147,160,168
127,134,142
106,113,121
76,83,93
104,111,121
163,174,180
144,157,166
113,127,136
148,165,173
125,139,148
98,105,113
83,90,98
95,108,117
140,154,163
94,103,112
135,142,150
121,128,136
76,83,91
152,165,174
130,143,151
98,115,123
85,92,100
108,115,123
178,187,194
152,159,167
105,112,120
131,136,142
111,116,122
90,107,115
93,98,104
112,117,123
110,117,125
169,182,191
154,167,175
97,102,108
100,107,115
165,178,187
117,131,140
101,116,123
122,136,145
94,101,109
134,141,149
148,158,167
122,135,144
137,150,159
155,169,178
154,168,177
93,108,115
112,126,135
112,119,127
128,135,143
87,105,117
130,135,141
58,65,73
135,152,160
62,67,73
107,112,118
120,137,145
88,106,120
114,119,125
112,119,129
93,100,110
105,110,116
113,120,130
114,121,131
124,137,146
144,158,167
102,111,120
81,88,98
71,78,88
75,87,99
59,71,83
75,93,103
90,109,126
126,135,144
72,79,89
74,81,91
91,101,111
100,110,120
143,157,166
147,161,172
125,138,146
88,111,127
87,110,126
89,106,122
88,105,121
86,103,119
158,165,175
176,183,193
69,76,86
101,110,119
80,88,99
111,128,138
122,139,149
95,112,120
151,168,176
61,68,78
123,130,140
70,77,87
125,132,142
67,74,84
106,113,123
73,80,90
80,87,97
121,130,139
115,125,135
100,117,125
102,119,127
137,154,164
57,66,75
55,64,73
92,101,110
116,130,139
146,160,169
42,52,62
76,93,101
152,169,179
41,54,62
86,109,125
87,104,120
120,129,136
116,133,141
134,151,159
114,123,132
85,94,103
136,150,159
86,103,111
85,102,110
101,118,126
137,146,155
142,156,165
176,190,199
119,136,144
188,202,213
99,116,132
132,141,150
123,137,146
119,133,142
132,146,155
168,185,195
124,138,147
153,170,180
143,160,168
125,142,152
90,109,123
86,105,119
87,106,120
88,107,121
85,104,118
89,108,122
91,110,124
112,129,139
108,125,133
132,149,159
153,166,175
139,152,161
127,141,152
139,156,166
84,103,117
83,102,116
136,150,161
114,124,134
154,164,174
119,129,139
93,103,115
55,65,77
70,80,92
88,98,110
150,164,175
143,159,172
166,183,193
83,93,103
118,128,138
63,73,85
80,90,102
61,71,83
158,171,180
134,148,159
88,105,113
163,180,190
166,176,186
53,63,75
66,76,88
74,84,96
55,67,79
145,162,172
164,178,189
104,121,129
126,139,148
133,146,155
78,90,102
67,79,91
86,98,110
64,76,88
50,62,74
140,157,165
87,108,127
86,107,124
91,110,127
86,105,120
85,104,119
84,103,118
109,118,127
63,75,87
59,71,85
55,67,81
64,76,90
68,80,94
58,70,84
80,96,109
48,67,74
69,88,95
65,79,92
107,124,132
52,71,78
76,95,102
151,165,176
100,109,118
58,72,85
86,104,114
147,164,174
122,140,150
120,134,145
61,70,79
75,89,102
128,145,155
103,121,131
159,176,186
133,147,158
153,167,178
150,167,177
81,99,113
95,105,115
83,102,117
84,102,116
85,103,117
65,77,89
87,99,111
70,82,94
69,81,93
71,83,95
57,69,81
76,88,100
72,84,96
39,57,67
85,102,118
88,100,112
61,73,85
104,116,128
96,108,120
38,56,66
42,60,70
41,59,69
40,58,68
84,101,117
82,101,116
64,74,86
100,112,124
74,86,98
73,85,97
94,106,118
81,93,105
83,95,107
124,141,151
82,100,114
59,69,81
99,109,121
102,112,124
71,81,93
82,94,106
49,63,76
123,140,150
111,129,141
144,162,174
65,75,87
86,96,108
123,133,145
72,82,94
60,70,82
145,163,173
51,65,78
105,113,124
91,99,110
56,64,75
89,103,116
76,90,103
97,111,124
114,131,141
134,154,165
99,107,118
73,81,92
60,68,79
112,122,132
73,87,100
83,97,110
138,152,163
116,134,146
92,100,111
68,76,87
61,69,80
62,70,81
101,109,120
50,64,77
70,84,97
164,178,187
143,160,170
98,112,125
57,71,84
105,122,130
108,125,135
88,107,124
87,106,123
86,105,122
85,104,121
62,72,84
77,87,99
105,117,129
108,120,132
94,108,121
76,92,105
127,143,156
143,161,173
63,72,87
91,103,115
85,99,112
77,93,106
77,95,107
154,170,183
84,96,108
64,78,91
45,59,72
102,120,132
140,158,170
80,92,104
112,124,136
95,107,119
85,97,109
84,103,120
81,100,115
89,108,125
80,99,114
77,89,101
46,60,73
126,140,153
125,143,155
84,102,114
54,66,78
96,110,123
92,106,119
81,97,110
134,152,164
82,103,120
81,102,119
80,101,118
79,98,113
117,131,142
120,136,149
52,66,79
135,153,165
84,105,122
83,104,121
115,131,144
86,102,115
78,97,112
48,62,75
105,123,135
103,121,133
79,97,109
85,103,115
62,82,93
128,146,158
84,98,111
153,171,183
83,105,119
82,104,118
81,103,117
79,101,115
80,102,116
78,100,114
77,99,113
76,98,112
106,123,133
138,154,167
137,155,167
77,91,104
84,102,112
85,101,114
136,154,166
127,145,157
129,147,159
146,164,176
75,97,111
122,140,152
86,107,126
85,106,125
84,105,124
83,104,123
82,103,122
63,83,94
79,98,115
77,96,113
78,97,114
51,67,82
48,64,79
50,66,81
52,68,83
141,159,169
67,87,98
131,149,161
76,95,112
49,65,80
46,62,77
81,102,121
126,144,156
73,91,105
77,95,109
80,101,120
74,93,110
70,88,102
83,106,124
80,103,121
69,87,101
75,94,111
139,157,169
76,94,108
79,100,119
73,92,109
74,92,106
135,153,167
36,54,68
121,139,151
62,81,96
141,159,171
70,89,104
67,86,101
78,101,117
79,102,118
47,63,78
44,60,75
127,145,159
42,58,73
41,57,72
130,146,159
43,59,74
45,61,76
75,91,106
77,100,116
86,102,117
40,56,71
38,54,69
122,140,154
142,160,172
39,55,70
76,97,116
77,98,117
75,96,115
74,95,114
75,94,109
64,83,98
72,91,106
45,64,79
76,95,109
132,150,164
80,98,112
61,80,95
74,93,108
133,151,163
81,100,114
98,118,129
66,85,100
63,82,97
54,71,87
58,75,91
44,63,78
83,100,116
68,87,102
65,84,99
71,90,105
57,74,90
50,67,83
69,88,103
72,91,105
66,87,104
75,97,118
66,87,106
43,62,77
65,86,105
61,83,97
65,90,110
42,61,76
134,152,166
69,88,102
67,89,110
62,84,98
68,90,104
120,138,150
96,115,129
60,81,98
67,89,103
66,88,109
62,83,100
61,82,99
65,87,108
64,86,107
128,147,161
41,60,75
68,91,107
60,82,103
61,83,104
39,58,73
62,84,105
40,59,74
65,92,113
64,91,112
76,102,129
77,103,130
77,103,128
76,104,128
77,105,129
63,90,111
78,106,130
79,107,131
81,109,133
73,101,125
83,111,135
82,112,136
69,95,120
159,173,182
156,170,179
153,167,176
145,159,168
141,155,164
157,171,180
155,170,177
154,169,176
153,168,175
151,166,173
150,165,172
149,164,169
148,163,168
147,162,167
150,165,170
148,161,167
151,164,170
149,162,168
147,160,166
146,159,165
145,158,164
144,157,163
143,156,162
145,159,162
146,160,163
142,156,159
143,157,160
144,158,161
141,155,158
140,154,157
144,155,159
145,156,160
144,155,157
142,153,155
140,151,153
141,152,154
143,154,156
138,149,151
136,147,149
131,142,144
135,146,148
124,135,137
118,129,131
112,123,125
115,126,128
123,134,136
129,140,142
132,143,145
133,144,146
73,90,97
72,89,96
74,91,98
71,88,95
69,84,89
70,85,90
67,82,87
68,83,88
66,81,86
66,81,84
65,80,83
67,82,85
65,79,82
66,80,83
67,81,84
64,78,81
59,73,76
75,89,92
61,75,78
68,83,90
63,78,83
74,96,110
73,95,109
73,92,107
70,89,103
70,90,101
69,89,100
68,88,99
66,86,97
60,79,86
61,80,87
59,78,85
76,99,115
75,98,114
73,99,116
71,97,114
74,100,117
65,86,103
62,84,97
61,83,96
60,82,95
57,79,92
73,100,119
74,101,120
72,99,118
71,98,117
70,97,116
69,96,115
64,85,102
72,91,108
71,90,107
70,89,106
69,88,105
68,87,104
69,86,102
70,92,106
67,90,106
69,92,108
66,89,105
69,95,112
70,96,113
71,93,107
73,93,104
75,94,108
77,96,110
68,90,103
67,89,102
80,103,119
72,92,103
69,91,104
71,91,102
82,102,113
74,94,105
75,95,106
78,98,109
79,99,110
70,92,105
77,97,108
68,86,96
76,96,107
71,93,106
72,94,107
73,95,108
80,100,111
72,90,100
49,68,75
47,66,73
50,67,74
74,96,109
75,97,110
52,67,72
50,64,65
48,62,63
56,68,68
76,95,110
57,69,69
50,65,70
133,145,143
51,66,71
51,65,66
58,70,70
52,66,67
71,89,99
132,144,142
130,142,140
55,67,67
129,141,139
127,137,136
130,140,139
60,70,71
133,143,142
53,67,68
59,71,71
134,144,143
59,69,70
134,146,144
58,72,73
78,97,111
56,70,71
137,149,147
52,68,68
54,68,68
136,148,146
54,68,69
138,150,148
48,63,68
49,67,71
53,68,71
77,95,105
54,69,72
87,107,118
92,112,123
50,68,72
135,147,145
76,98,111
60,72,72
139,151,149
77,99,112
50,69,76
48,66,70
55,69,70
52,70,74
56,71,74
57,74,81
56,74,78
61,73,73
79,98,112
140,152,150
79,97,107
49,64,69
131,143,141
84,104,115
124,136,134
54,69,74
51,70,77
53,71,75
51,66,69
52,67,70
53,72,79
74,92,102
54,71,78
57,71,72
60,71,73
137,149,149
57,72,77
56,70,73
54,68,71
132,144,144
56,71,76
60,72,70
142,154,152
68,80,78
151,163,159
53,67,67
62,74,72
143,155,151
59,71,69
135,147,143
55,70,73
56,70,70
61,73,71
136,148,144
62,74,74
55,70,75
136,148,148
138,150,150
51,65,68
87,104,112
141,153,151
78,100,113
81,103,116
147,159,157
64,76,76
155,167,165
60,74,75
59,73,74
58,69,71
56,75,82
56,75,81
57,76,82
56,67,69
140,152,152
53,72,78
55,74,80
144,156,156
50,69,75
54,73,79
146,158,156
51,70,76
145,157,155
52,71,77
139,151,151
71,91,100
73,93,102
72,92,101
139,149,150
70,90,99
140,150,149
75,95,104
60,70,69
137,148,144
77,97,106
74,94,103
81,101,112
57,69,67
133,144,140
82,100,110
53,65,65
65,75,74
57,72,75
49,63,64
59,73,73
86,98,96
91,101,100
134,145,141
52,66,66
136,147,143
58,73,78
54,64,63
137,147,146
62,77,82
81,99,109
136,146,145
135,145,144
141,153,153
83,103,114
55,69,69
64,81,88
65,82,89
58,75,82
62,79,86
63,80,87
143,155,153
66,83,90
61,78,85
127,139,137
63,75,75
58,70,68
131,143,139
69,89,98
137,149,145
63,75,73
76,96,105
125,137,137
131,143,143
65,77,77
80,98,108
66,78,78
67,79,77
138,150,146
57,71,71
56,73,80
78,90,88
79,96,104
51,69,73
76,88,86
130,142,138
129,141,137
77,89,87
79,91,89
135,146,142
81,91,90
140,151,147
76,86,85
87,97,96
130,141,137
88,98,97
102,112,111
51,62,64
82,93,89
132,141,136
100,111,107
148,157,152
68,85,92
46,57,63
179,188,185
138,147,142
77,94,101
93,104,100
140,149,144
88,106,116
92,103,97
142,153,145
87,98,92
136,147,139
84,95,91
134,145,139
86,97,93
138,149,143
141,152,146
83,94,90
139,150,144
54,66,66
80,90,89
73,83,82
77,88,84
143,154,148
74,85,81
55,67,65
73,84,80
140,151,145
60,75,78
74,85,79
69,86,93
56,68,66
73,84,78
139,150,142
79,96,103
53,65,63
69,80,74
135,146,140
67,84,91
54,65,67
71,81,80
138,149,145
150,167,174
68,78,77
142,152,151
157,174,181
97,114,121
64,74,73
149,166,173
67,77,78
85,102,109
128,138,137
65,75,76
70,87,94
141,151,150
59,69,68
145,155,154
61,71,72
58,68,67
139,150,146
52,66,69
63,73,72
141,152,148
142,153,149
143,154,150
80,97,105
62,72,71
132,143,139
129,140,136
122,133,129
123,134,130
44,61,68
144,161,168
128,139,135
102,119,126
75,92,99
46,63,70
131,142,138
69,81,81
65,84,91
67,86,93
64,83,90
66,85,92
125,136,132
63,82,89
62,81,88
85,103,113
80,97,104
68,87,94
70,89,96
83,101,111
80,99,106
73,92,99
72,91,98
77,96,103
144,155,151
129,139,140
125,135,136
147,164,171
112,122,121
115,125,124
120,131,127
61,76,81
55,65,64
121,132,128
54,66,64
65,76,72
127,138,134
126,137,133
120,130,129
78,98,107
58,68,69
113,123,124
114,124,123
121,131,130
117,127,126
113,123,122
68,79,81
69,79,80
110,120,119
71,83,83
72,82,81
108,118,117
106,116,115
118,128,127
65,76,78
64,75,77
122,132,131
125,135,134
78,95,102
123,133,132
131,141,140
91,109,119
92,109,116
113,130,137
150,167,175
111,120,119
109,119,118
117,129,129
115,127,127
112,124,124
80,100,109
87,105,115
111,123,123
121,133,133
120,132,132
120,132,130
106,121,128
121,133,131
99,114,121
81,96,103
132,141,138
119,134,141
55,65,66
63,72,71
56,66,67
62,71,70
128,137,136
71,90,97
126,135,134
75,94,101
119,129,128
83,98,105
109,121,119
111,123,121
114,126,124
53,69,69
115,127,125
54,70,70
65,79,79
98,113,110
51,67,67
63,77,77
102,117,114
48,64,64
62,76,76
106,118,118
104,116,116
100,112,112
98,110,110
67,78,80
101,111,112
104,114,115
79,99,108
94,105,107
96,107,109
62,73,75
104,115,117
105,116,118
120,135,142
97,108,110
74,93,100
82,101,108
106,117,119
89,108,115
108,119,121
103,114,116
154,171,179
87,104,111
82,102,111
165,180,187
168,183,190
79,98,105
81,95,98
84,101,108
131,148,155
83,102,109
173,190,197
164,181,188
108,125,132
71,90,96
91,110,117
70,89,95
86,105,112
78,97,104
151,170,177
77,92,99
67,77,76
86,96,97
95,105,104
83,93,94
126,136,135
124,136,136
123,133,134
122,132,133
126,136,137
127,137,138
66,76,77
133,143,144
71,81,82
144,152,154
58,73,76
61,75,76
59,74,77
128,138,139
131,141,142
132,142,143
124,134,135
137,147,148
117,134,141
136,146,147
140,150,151
89,106,113
134,144,145
123,135,135
93,107,110
116,128,128
129,141,141
73,87,88
128,140,140
127,139,139
122,134,134
96,106,107
82,92,93
122,132,134
121,132,134
120,131,133
118,130,130
57,75,79
55,73,77
119,131,131
122,133,135
119,130,132
116,127,129
113,124,126
125,136,138
83,100,107
117,128,130
130,141,143
114,125,127
107,118,120
114,124,125
116,126,127
130,140,141
109,120,122
111,122,124
101,112,114
57,76,83
102,113,115
119,129,131
119,129,130
120,130,131
135,145,146
128,139,141
130,142,142
55,74,81
85,105,116
54,72,76
134,146,146
133,145,145
86,106,117
88,108,119
126,138,138
80,102,115
79,101,114
84,106,120
85,107,121
82,104,117
84,106,119
84,96,96
85,106,123
142,152,153
110,120,121
118,128,129
115,125,126
85,108,124
84,107,123
57,67,68
114,126,126
113,125,125
110,122,122
108,120,120
107,119,119
109,121,121
112,122,123
54,64,66
83,106,122
82,105,121
48,62,65
77,96,111
47,62,67
86,109,127
85,108,126
84,107,125
48,58,60
45,58,64
46,56,58
46,57,61
87,110,128
87,109,130
47,57,59
45,56,60
86,108,129
43,56,64
88,110,131
42,55,61
42,53,57
44,57,63
89,111,132
43,56,62
85,107,128
42,53,59
43,54,58
45,55,57
49,59,61
90,112,133
45,54,59
44,54,56
43,52,57
40,53,61
41,52,58
40,51,55
41,51,53
39,52,60
89,114,134
88,113,133
40,49,54
87,112,132
84,106,127
40,51,57
41,52,56
43,52,59
44,51,57
43,53,55
83,105,126
42,52,54
38,51,59
42,51,58
48,55,61
36,47,51
36,49,57
39,50,56
46,55,62
50,57,63
38,49,53
35,46,50
37,50,58
47,54,60
41,50,55
44,53,58
38,49,55
39,50,54
42,51,56
45,53,56
39,48,53
42,50,53
40,50,59
38,48,57
44,53,60
37,46,51
43,51,54
34,43,48
37,48,54
35,45,47
44,52,54
33,46,54
30,39,44
86,111,131
34,47,55
38,47,52
40,50,52
53,61,63
35,46,52
39,47,50
85,110,130
35,48,56
38,51,57
51,59,61
87,114,135
86,113,134
85,112,133
84,111,132
86,111,133
85,110,132
84,109,131
83,108,130
83,108,128
82,107,127
80,106,123
79,105,122
78,104,121
70,93,109
66,88,101
65,87,100
49,61,73
48,60,72
47,59,71
46,58,70
45,57,69
44,56,68
43,55,67
43,56,65
44,54,64
43,53,63
41,51,61
40,50,60
35,48,54
52,60,62
105,114,113
98,107,106
72,89,105
36,47,53
47,55,57
34,45,51
83,102,119
82,101,118
81,100,117
80,99,116
41,54,60
40,53,59
39,52,58
37,50,59
51,59,62
75,92,108
37,50,56
80,98,118
79,97,117
42,57,64
39,52,61
40,53,62
87,112,134
82,107,129
83,105,128
81,103,126
80,102,125
82,104,127
79,101,124
79,100,121
78,99,120
77,98,119
76,97,118
75,96,117
67,86,103
66,85,102
42,55,64
38,51,60
36,49,58
88,113,135
84,109,129
85,107,130
84,106,129
42,52,61
41,51,60
39,49,58
37,47,56
37,48,52
37,47,49
88,114,131
86,112,129
84,110,127
85,111,128
83,109,126
45,55,64
36,49,55
37,51,54
34,45,49
35,46,48
39,47,49
57,62,65
88,106,126
86,104,124
85,103,123
80,97,113
79,96,112
78,95,111
77,94,110
76,93,109
41,50,57
39,48,55
38,47,54
40,49,56
37,46,53
39,50,52
36,46,48
41,49,51
40,49,48
59,65,65
93,112,126
92,111,125
47,61,64
45,59,62
44,58,61
47,58,60
46,57,59
45,56,58
44,55,57
38,48,50
38,49,51
39,49,50
37,46,45
39,48,47
64,70,68
91,97,95
91,107,122
90,106,121
50,61,63
57,67,66
51,60,59
55,64,61
173,190,200
171,188,198
165,182,192
156,173,183
164,181,191
170,187,197
169,186,196
167,184,194
162,179,189
161,178,188
157,174,184
153,169,182
152,168,181
151,167,180
150,166,179
149,165,178
148,164,177
147,163,176
146,162,175
144,161,171
146,163,173
149,166,176
149,163,174
152,166,177
155,169,180
157,171,182
158,172,183
160,174,185
159,173,184
162,176,185
152,166,175
147,161,170
163,177,186
158,172,181
149,163,172
147,162,169
137,151,160
139,152,160
137,150,158
140,153,161
136,149,157
134,147,155
135,148,156
145,158,166
148,161,169
142,153,159
139,153,156
131,145,148
120,134,137
117,131,134
122,136,139
142,155,161
140,153,159
136,149,155
137,150,156
135,148,154
133,146,152
130,143,149
135,146,152
133,144,148
132,143,147
134,145,149
138,148,150
139,149,151
141,150,155
138,148,149
113,127,130
115,129,132
112,126,129
111,125,128
102,114,114
101,113,113
99,111,111
99,109,110
103,113,114
102,112,113
97,107,108
98,108,109
100,110,111
95,105,106
89,99,100
90,100,101
92,102,101
94,104,103
88,97,94
92,101,98
101,107,105
97,103,101
